dificultad,repeticion,segundos,intentos,ganador,nonce,hash
3,1,0.07914619999974093,4884,Nodo 3,4859,000e7572c0a04a426722317394bfcfd489e80b52257a19c26fc6072eccd35f6b
3,2,0.0018528000000515021,51,Nodo 2,50,0000e2409f1ed1622e2f25daa2ed19fe4e1268f3cca86340ec04db32785013e9
3,3,0.11902280000049359,7521,Nodo 0,7452,000014e4c4eca3b64f784d5fa437d4442db3f5cf5c88b7e327c81ed1a98be2d4
3,4,0.03170179999960965,2085,Nodo 2,2106,000d636d55170f3bbbb445f9784d7c197871b61e0d2d3e9818d9c8d764a5015c
3,5,0.012929099999382743,699,Nodo 0,708,0009a80ff1fc2d822c34a45d61da26fc4c85f3e748c21aaf447534940ee263d8
4,1,0.586546499999713,35316,Nodo 0,35504,00001bb58d802d434e0c5f999364b51bafa337748b3eec9c62db83edbf744c4c
4,2,0.17841849999967963,10488,Nodo 2,10622,0000313766de8f9edad36d40a8fd4cf5ecbeb78b084643c4be13edfbe6c025b5
4,3,0.4612438000003749,27973,Nodo 0,28052,0000b79099b883251382d0e8d0c256de49b0b3b108d8bacf759289a4e9fd2e69
4,4,3.2715699999998833,194108,Nodo 1,194193,0000eea461df791f44e6b140b88cff56d80d3a0c8ef94aa08fd160e496fb52df
4,5,0.809644599999956,47688,Nodo 3,47911,0000c8efa81e0692adc473601e685b2b09fb824d5b1960485c7f05a5de3f8501
5,1,5.973851200000354,360469,Nodo 2,358306,00000638f4b7d454f5c607e8c89478b80b6653ac0de734fe5aafbceb558a081e
5,2,1.9900941999994757,122177,Nodo 2,122414,00000671567470d40eb28e6c4f1176a479f735c85352143bc46226d1eabc4b03
5,3,2.428245000000061,159108,Nodo 3,158499,00000e191fac1d11b315f2e5a8a7ff1717cf4b54811a68f7f27d9d53b7290f1b
5,4,23.947470999999496,1261587,Nodo 0,1259692,0000056d15bb6256eec6f296bcf488e731cbda0eda823cbaf15223d3c13aacde
5,5,16.898437300000296,800220,Nodo 3,798815,000006ec4cdfc27c0e05bcedd0129bfa6b4e3d891629def82696552fdcebed0d
